type,models,weights,roc_auc
triple,XGB_G+XGB_A+XGB_F,"[0.6, 0.2, 0.2]",0.9448718803413296
triple,XGB_G+XGB_A+XGB_F,"[0.7, 0.15, 0.15]",0.9448709650241177
triple,XGB_G+XGB_A+XGB_F,"[0.5, 0.3, 0.2]",0.9448700962400435
triple,XGB_G+XGB_A+XGB_E,"[0.6, 0.2, 0.2]",0.9448658933465761
triple,XGB_G+XGB_A+XGB_E,"[0.5, 0.3, 0.2]",0.9448654025918773
triple,XGB_G+XGB_A+XGB_F,"[0.5, 0.25, 0.25]",0.944864019553792
triple,XGB_G+XGB_A+XGB_E,"[0.5, 0.25, 0.25]",0.9448628062165823
triple,XGB_G+XGB_A+XGB_E,"[0.7, 0.15, 0.15]",0.9448626644914477
pair,XGB_G+XGB_A,"[0.6, 0.4]",0.9448624799958584
triple,XGB_G+XGB_E+XGB_F,"[0.7, 0.15, 0.15]",0.9448622224654313
rank_average,XGB_G+XGB_A,equal,0.9448598460557996
pair,XGB_G+XGB_A,"[0.5, 0.5]",0.9448596173389893
pair,XGB_G+XGB_A,"[0.7, 0.3]",0.9448595059713352
pair,XGB_G+XGB_F,"[0.8, 0.2]",0.9448579280262783
pair,XGB_G+XGB_F,"[0.75, 0.25]",0.9448569339332277
triple,XGB_G+XGB_A+XGB_C,"[0.7, 0.15, 0.15]",0.9448563548679747
pair,XGB_G+XGB_A,"[0.75, 0.25]",0.944855847829005
triple,XGB_G+XGB_A+XGB_H,"[0.7, 0.15, 0.15]",0.944855233309194
quad,XGB_G+XGB_A+XGB_E+XGB_H,"[0.5, 0.2, 0.15, 0.15]",0.9448542092931174
quad,XGB_G+XGB_A+XGB_E+XGB_D,"[0.5, 0.2, 0.15, 0.15]",0.9448540930688869
triple,XGB_G+XGB_E+XGB_F,"[0.6, 0.2, 0.2]",0.9448539698778746
triple,XGB_G+XGB_A+XGB_H,"[0.6, 0.2, 0.2]",0.9448534906982745
quad,XGB_G+XGB_A+XGB_E+XGB_D,"[0.4, 0.3, 0.2, 0.1]",0.944853102792826
triple,XGB_G+XGB_A+XGB_H,"[0.5, 0.3, 0.2]",0.9448525706175833
triple,XGB_G+XGB_A+XGB_C,"[0.6, 0.2, 0.2]",0.9448524484583998
quad,XGB_G+XGB_A+XGB_E+XGB_H,"[0.4, 0.3, 0.2, 0.1]",0.9448520544550779
triple,XGB_G+XGB_D+XGB_F,"[0.7, 0.15, 0.15]",0.9448518631789012
triple,XGB_G+XGB_B+XGB_F,"[0.7, 0.15, 0.15]",0.9448514374837043
pair,XGB_G+XGB_F,"[0.7, 0.3]",0.9448512165094867
pair,XGB_G+XGB_E,"[0.75, 0.25]",0.9448511416514932
triple,XGB_G+XGB_A+XGB_B,"[0.7, 0.15, 0.15]",0.9448510774764158
pair,XGB_G+XGB_E,"[0.7, 0.3]",0.9448508940281714
triple,XGB_G+XGB_A+XGB_C,"[0.5, 0.3, 0.2]",0.9448508701642281
pair,XGB_G+XGB_A,"[0.8, 0.2]",0.9448506364822278
quad,XGB_G+XGB_A+XGB_E+XGB_B,"[0.5, 0.2, 0.15, 0.15]",0.9448506301438526
quad,XGB_G+XGB_A+XGB_E+XGB_B,"[0.4, 0.3, 0.2, 0.1]",0.9448493057570715
pair,XGB_G+XGB_E,"[0.8, 0.2]",0.9448490529668487
triple,XGB_G+XGB_H+XGB_F,"[0.7, 0.15, 0.15]",0.9448489345936223
triple,XGB_G+XGB_A+XGB_D,"[0.5, 0.3, 0.2]",0.9448484046759893
triple,XGB_G+XGB_A+XGB_B,"[0.6, 0.2, 0.2]",0.9448483243485291
triple,XGB_G+XGB_E+XGB_H,"[0.7, 0.15, 0.15]",0.944847690379139
triple,XGB_G+XGB_A+XGB_D,"[0.7, 0.15, 0.15]",0.9448474829505793
triple,XGB_G+XGB_F+XGB_C,"[0.7, 0.15, 0.15]",0.944847440715434
triple,XGB_G+XGB_A+XGB_D,"[0.6, 0.2, 0.2]",0.9448474018007595
triple,XGB_G+XGB_A+XGB_B,"[0.5, 0.3, 0.2]",0.9448466253071494
triple,XGB_G+XGB_E+XGB_C,"[0.7, 0.15, 0.15]",0.944846424837614
triple,XGB_G+XGB_E+XGB_B,"[0.7, 0.15, 0.15]",0.9448452858618783
rank_average,XGB_G+XGB_A+XGB_E,equal,0.944844720381074
triple,XGB_G+XGB_A+XGB_H,"[0.5, 0.25, 0.25]",0.9448444696545084
quad,XGB_G+XGB_A+XGB_D+XGB_H,"[0.5, 0.2, 0.15, 0.15]",0.944844395153388
triple,XGB_G+XGB_D+XGB_F,"[0.6, 0.2, 0.2]",0.944844345881638
triple,XGB_G+XGB_E+XGB_D,"[0.7, 0.15, 0.15]",0.9448442981847841
quad,XGB_G+XGB_A+XGB_E+XGB_D,"[0.35, 0.3, 0.2, 0.15]",0.9448439503499686
triple,XGB_G+XGB_A+XGB_E,"[0.3333333333333333, 0.3333333333333333, 0.3333333333333333]",0.9448436576597916
pair,XGB_G+XGB_E,"[0.6, 0.4]",0.9448428223752319
triple,XGB_G+XGB_A+XGB_D,"[0.5, 0.25, 0.25]",0.9448420842765028
quad,XGB_G+XGB_A+XGB_D+XGB_B,"[0.5, 0.2, 0.15, 0.15]",0.9448409841766517
quad,XGB_G+XGB_A+XGB_E+XGB_H,"[0.35, 0.3, 0.2, 0.15]",0.9448401336939564
triple,XGB_G+XGB_A+XGB_C,"[0.5, 0.25, 0.25]",0.9448399331313233
quad,XGB_G+XGB_A+XGB_B+XGB_H,"[0.5, 0.2, 0.15, 0.15]",0.9448399084139881
triple,XGB_G+XGB_E+XGB_D,"[0.6, 0.2, 0.2]",0.9448398154097779
quad,XGB_G+XGB_A+XGB_D+XGB_H,"[0.4, 0.3, 0.2, 0.1]",0.944839510748839
triple,XGB_G+XGB_A+XGB_B,"[0.5, 0.25, 0.25]",0.9448383717731033
pair,XGB_G+XGB_C,"[0.8, 0.2]",0.9448381659349564
pair,XGB_G+XGB_H,"[0.8, 0.2]",0.9448379204218399
triple,XGB_G+XGB_E+XGB_H,"[0.6, 0.2, 0.2]",0.9448378988775715
triple,XGB_G+XGB_B+XGB_F,"[0.6, 0.2, 0.2]",0.9448377521794892
triple,XGB_G+XGB_E+XGB_F,"[0.5, 0.3, 0.2]",0.9448368593064865
quad,XGB_G+XGB_A+XGB_D+XGB_B,"[0.4, 0.3, 0.2, 0.1]",0.9448368386854327
triple,XGB_G+XGB_D+XGB_C,"[0.7, 0.15, 0.15]",0.944836758831217
quad,XGB_G+XGB_A+XGB_E+XGB_B,"[0.35, 0.3, 0.2, 0.15]",0.9448363404674331
triple,XGB_G+XGB_E+XGB_B,"[0.6, 0.2, 0.2]",0.9448358198052242
triple,XGB_G+XGB_D+XGB_H,"[0.7, 0.15, 0.15]",0.9448357232012513
triple,XGB_G+XGB_H+XGB_C,"[0.7, 0.15, 0.15]",0.9448356474278011
triple,XGB_G+XGB_B+XGB_H,"[0.7, 0.15, 0.15]",0.944835548961882
pair,XGB_G+XGB_H,"[0.75, 0.25]",0.9448347443761593
triple,XGB_G+XGB_B+XGB_C,"[0.7, 0.15, 0.15]",0.9448346153122585
rank_average,XGB_G+XGB_A+XGB_F,equal,0.9448345989426488
pair,XGB_G+XGB_B,"[0.8, 0.2]",0.944834451096366
triple,XGB_G+XGB_E+XGB_F,"[0.5, 0.25, 0.25]",0.9448338449630708
triple,XGB_G+XGB_D+XGB_B,"[0.7, 0.15, 0.15]",0.9448336708943799
triple,XGB_G+XGB_E+XGB_C,"[0.6, 0.2, 0.2]",0.944832654209716
pair,XGB_G+XGB_C,"[0.75, 0.25]",0.9448321520195648
quad,XGB_G+XGB_A+XGB_B+XGB_H,"[0.4, 0.3, 0.2, 0.1]",0.9448314198868216
triple,XGB_G+XGB_H+XGB_F,"[0.6, 0.2, 0.2]",0.9448314015699265
triple,XGB_G+XGB_A+XGB_F,"[0.3333333333333333, 0.3333333333333333, 0.3333333333333333]",0.9448311774536744
pair,XGB_G+XGB_B,"[0.75, 0.25]",0.9448311516502043
triple,XGB_G+XGB_E+XGB_D,"[0.5, 0.3, 0.2]",0.944830849045164
quad,XGB_G+XGB_A+XGB_D+XGB_H,"[0.35, 0.3, 0.2, 0.15]",0.9448298040899511
triple,XGB_G+XGB_E+XGB_D,"[0.5, 0.25, 0.25]",0.9448281600380479
pair,XGB_G+XGB_H,"[0.7, 0.3]",0.9448279969470812
pair,XGB_G+XGB_D,"[0.8, 0.2]",0.9448278218000132
quad,XGB_G+XGB_E+XGB_D+XGB_H,"[0.5, 0.2, 0.15, 0.15]",0.9448277401381582
triple,XGB_G+XGB_D+XGB_F,"[0.5, 0.25, 0.25]",0.9448268430059538
quad,XGB_G+XGB_E+XGB_D+XGB_B,"[0.5, 0.2, 0.15, 0.15]",0.9448268326411201
rank_average,XGB_G+XGB_E,equal,0.9448264188778946
quad,XGB_G+XGB_A+XGB_D+XGB_B,"[0.35, 0.3, 0.2, 0.15]",0.9448262741814044
pair,XGB_G+XGB_D,"[0.75, 0.25]",0.9448261118274579
triple,XGB_G+XGB_D+XGB_F,"[0.5, 0.3, 0.2]",0.9448260006847892
pair,XGB_G+XGB_F,"[0.6, 0.4]",0.944825794575108
triple,XGB_G+XGB_F+XGB_C,"[0.6, 0.2, 0.2]",0.9448255567580359
triple,XGB_G+XGB_D+XGB_H,"[0.6, 0.2, 0.2]",0.9448253170091945
pair,XGB_G+XGB_B,"[0.7, 0.3]",0.9448248095280125
pair,XGB_G+XGB_E,"[0.5, 0.5]",0.9448244318244777
triple,XGB_G+XGB_D+XGB_C,"[0.6, 0.2, 0.2]",0.9448241961486435
triple,XGB_G+XGB_D+XGB_B,"[0.6, 0.2, 0.2]",0.9448237164337336
triple,XGB_G+XGB_E+XGB_H,"[0.5, 0.3, 0.2]",0.9448226952416087
pair,XGB_G+XGB_D,"[0.7, 0.3]",0.944822447990676
triple,XGB_G+XGB_A+XGB_D,"[0.3333333333333333, 0.3333333333333333, 0.3333333333333333]",0.9448215528445474
pair,XGB_G+XGB_C,"[0.7, 0.3]",0.9448215305865327
triple,XGB_G+XGB_E+XGB_B,"[0.5, 0.3, 0.2]",0.9448213534999376
rank_average,XGB_G+XGB_A+XGB_D,equal,0.9448212292538225
quad,XGB_G+XGB_E+XGB_B+XGB_H,"[0.5, 0.2, 0.15, 0.15]",0.9448193719935685
triple,XGB_G+XGB_B+XGB_H,"[0.6, 0.2, 0.2]",0.9448192967166373
quad,XGB_G+XGB_A+XGB_B+XGB_H,"[0.35, 0.3, 0.2, 0.15]",0.944818478561982
triple,XGB_G+XGB_E+XGB_H,"[0.5, 0.25, 0.25]",0.9448178073769429
triple,XGB_G+XGB_E+XGB_B,"[0.5, 0.25, 0.25]",0.9448165287862786
rank_average,XGB_G+XGB_A+XGB_E+XGB_D,equal,0.944815825583524
quad,XGB_G+XGB_A+XGB_E+XGB_D,"[0.25, 0.25, 0.25, 0.25]",0.9448154652116045
triple,XGB_G+XGB_E+XGB_C,"[0.5, 0.3, 0.2]",0.9448150165834371
triple,XGB_G+XGB_B+XGB_C,"[0.6, 0.2, 0.2]",0.9448148726317254
rank_average,XGB_G+XGB_A+XGB_E+XGB_F,equal,0.9448142738453592
triple,XGB_G+XGB_H+XGB_C,"[0.6, 0.2, 0.2]",0.9448142736746808
rank_average,XGB_G+XGB_A+XGB_H,equal,0.9448128085790769
triple,XGB_G+XGB_A+XGB_H,"[0.3333333333333333, 0.3333333333333333, 0.3333333333333333]",0.9448125612738375
rank_average,XGB_G+XGB_A+XGB_D+XGB_F,equal,0.9448117883722319
quad,XGB_G+XGB_D+XGB_B+XGB_H,"[0.5, 0.2, 0.15, 0.15]",0.9448117433984742
triple,XGB_G+XGB_B+XGB_F,"[0.5, 0.25, 0.25]",0.944811515977268
quad,XGB_G+XGB_E+XGB_D+XGB_H,"[0.4, 0.3, 0.2, 0.1]",0.9448112425737497
quad,XGB_G+XGB_E+XGB_D+XGB_B,"[0.4, 0.3, 0.2, 0.1]",0.9448109323036981
pair,XGB_G+XGB_D,"[0.6, 0.4]",0.9448095537342835
triple,XGB_G+XGB_B+XGB_F,"[0.5, 0.3, 0.2]",0.944808661016443
triple,XGB_G+XGB_D+XGB_H,"[0.5, 0.3, 0.2]",0.9448075590158549
triple,XGB_G+XGB_E+XGB_C,"[0.5, 0.25, 0.25]",0.9448069906257597
triple,XGB_G+XGB_D+XGB_B,"[0.5, 0.3, 0.2]",0.9448069083665304
rank_average,XGB_G+XGB_A+XGB_B,equal,0.9448064080228088
triple,XGB_G+XGB_D+XGB_H,"[0.5, 0.25, 0.25]",0.9448062974930304
triple,XGB_G+XGB_D+XGB_C,"[0.5, 0.3, 0.2]",0.9448059850429499
triple,XGB_G+XGB_D+XGB_B,"[0.5, 0.25, 0.25]",0.9448058706030845
triple,XGB_G+XGB_A+XGB_B,"[0.3333333333333333, 0.3333333333333333, 0.3333333333333333]",0.944805532667616
pair,XGB_G+XGB_H,"[0.6, 0.4]",0.94480393355068
rank_average,XGB_G+XGB_A+XGB_C,equal,0.9448033794277471
pair,XGB_G+XGB_B,"[0.6, 0.4]",0.9448025120789227
triple,XGB_G+XGB_D+XGB_C,"[0.5, 0.25, 0.25]",0.9448019062869842
triple,XGB_G+XGB_A+XGB_C,"[0.3333333333333333, 0.3333333333333333, 0.3333333333333333]",0.9448000190106068
rank_average,XGB_G+XGB_A+XGB_E+XGB_D+XGB_F,equal,0.9447999894211793
triple,XGB_G+XGB_H+XGB_F,"[0.5, 0.25, 0.25]",0.9447994349956802
rank_average,XGB_G+XGB_A+XGB_E+XGB_H,equal,0.9447984992746415
quad,XGB_G+XGB_A+XGB_E+XGB_H,"[0.25, 0.25, 0.25, 0.25]",0.9447981986168866
triple,XGB_G+XGB_H+XGB_F,"[0.5, 0.3, 0.2]",0.9447968216611586
quad,XGB_G+XGB_E+XGB_D+XGB_B,"[0.35, 0.3, 0.2, 0.15]",0.9447960353302665
quad,XGB_G+XGB_E+XGB_D+XGB_H,"[0.35, 0.3, 0.2, 0.15]",0.9447958881434232
rank_average,XGB_G+XGB_A+XGB_E+XGB_B,equal,0.9447957515929473
quad,XGB_G+XGB_E+XGB_B+XGB_H,"[0.4, 0.3, 0.2, 0.1]",0.944795366170094
quad,XGB_G+XGB_A+XGB_E+XGB_B,"[0.25, 0.25, 0.25, 0.25]",0.9447947878341028
rank_average,XGB_G+XGB_E+XGB_D,equal,0.944793639486572
triple,XGB_G+XGB_E+XGB_D,"[0.3333333333333333, 0.3333333333333333, 0.3333333333333333]",0.944792941466234
triple,XGB_G+XGB_B+XGB_H,"[0.5, 0.25, 0.25]",0.9447917009290943
triple,XGB_G+XGB_F+XGB_C,"[0.5, 0.3, 0.2]",0.9447913438466128
quad,XGB_G+XGB_A+XGB_D+XGB_H,"[0.25, 0.25, 0.25, 0.25]",0.9447912610365579
rank_average,XGB_G+XGB_A+XGB_D+XGB_H,equal,0.9447912048135421
triple,XGB_G+XGB_B+XGB_H,"[0.5, 0.3, 0.2]",0.9447908436735698
pair,XGB_G+XGB_D,"[0.5, 0.5]",0.9447891209389254
rank_average,XGB_G+XGB_D,equal,0.9447887369358059
rank_average,XGB_G+XGB_A+XGB_D+XGB_B,equal,0.9447885524634908
quad,XGB_G+XGB_A+XGB_D+XGB_B,"[0.25, 0.25, 0.25, 0.25]",0.9447884971248997
rank_average,XGB_G+XGB_A+XGB_E+XGB_C,equal,0.944788350845755
rank_average,XGB_G+XGB_A+XGB_D+XGB_C,equal,0.944787800338101
triple,XGB_G+XGB_F+XGB_C,"[0.5, 0.25, 0.25]",0.9447876883497981
rank_average,XGB_G+XGB_A+XGB_B+XGB_F,equal,0.9447875901166224
quad,XGB_G+XGB_D+XGB_B+XGB_H,"[0.4, 0.3, 0.2, 0.1]",0.944787584825592
pair,XGB_G+XGB_C,"[0.6, 0.4]",0.9447863615269703
rank_average,XGB_G+XGB_F,equal,0.9447853725232396
rank_average,XGB_G+XGB_A+XGB_E+XGB_D+XGB_H,equal,0.9447847156674277
triple,XGB_G+XGB_B+XGB_C,"[0.5, 0.3, 0.2]",0.9447843598960666
rank_average,XGB_G+XGB_A+XGB_E+XGB_D+XGB_B,equal,0.9447834942152359
triple,XGB_G+XGB_B+XGB_C,"[0.5, 0.25, 0.25]",0.9447820645509157
pair,XGB_G+XGB_F,"[0.5, 0.5]",0.9447816753498632
triple,XGB_G+XGB_H+XGB_C,"[0.5, 0.3, 0.2]",0.9447811346639751
rank_average,XGB_G+XGB_A+XGB_D+XGB_B+XGB_F,equal,0.9447796144547652
rank_average,XGB_G+XGB_A+XGB_E+XGB_D+XGB_C,equal,0.9447794425893772
triple,XGB_G+XGB_H+XGB_C,"[0.5, 0.25, 0.25]",0.9447789237192914
rank_average,XGB_G+XGB_D+XGB_F,equal,0.9447787952915558
triple,XGB_A+XGB_E+XGB_F,"[0.7, 0.15, 0.15]",0.9447784774340732
rank_average,XGB_G+XGB_A+XGB_E+XGB_B+XGB_F,equal,0.9447771260878632
quad,XGB_G+XGB_E+XGB_B+XGB_H,"[0.35, 0.3, 0.2, 0.15]",0.9447771075692571
rank_average,XGB_G+XGB_A+XGB_H+XGB_F,equal,0.9447769699636783
pair,XGB_A+XGB_E,"[0.75, 0.25]",0.9447760574936924
rank_average,XGB_G+XGB_E+XGB_F,equal,0.9447759232628911
triple,XGB_A+XGB_E+XGB_D,"[0.7, 0.15, 0.15]",0.9447758005218491
pair,XGB_A+XGB_E,"[0.8, 0.2]",0.944775762848472
triple,XGB_A+XGB_D+XGB_F,"[0.7, 0.15, 0.15]",0.9447757453461783
triple,XGB_G+XGB_D+XGB_F,"[0.3333333333333333, 0.3333333333333333, 0.3333333333333333]",0.9447757325452983
pair,XGB_A+XGB_E,"[0.7, 0.3]",0.9447746202031512
triple,XGB_G+XGB_E+XGB_F,"[0.3333333333333333, 0.3333333333333333, 0.3333333333333333]",0.944773687073321
pair,XGB_A+XGB_F,"[0.8, 0.2]",0.944773250198689
triple,XGB_A+XGB_E+XGB_D,"[0.6, 0.2, 0.2]",0.9447728718357147
rank_average,XGB_G+XGB_A+XGB_E+XGB_D+XGB_B+XGB_F,equal,0.9447725662670768
quad,XGB_G+XGB_D+XGB_B+XGB_H,"[0.35, 0.3, 0.2, 0.15]",0.9447725108586627
rank_average,XGB_G+XGB_A+XGB_D+XGB_H+XGB_F,equal,0.9447722144601095
rank_average,XGB_G+XGB_E+XGB_D+XGB_F,equal,0.9447717429998277
rank_average,XGB_G+XGB_A+XGB_E+XGB_H+XGB_F,equal,0.944769709327934
rank_average,XGB_G+XGB_B,equal,0.9447697029042198
triple,XGB_A+XGB_E+XGB_F,"[0.6, 0.2, 0.2]",0.9447695114108163
triple,XGB_A+XGB_D+XGB_F,"[0.6, 0.2, 0.2]",0.9447686888728294
pair,XGB_A+XGB_F,"[0.75, 0.25]",0.9447684300002495
rank_average,XGB_G+XGB_A+XGB_B+XGB_H,equal,0.9447681463715437
quad,XGB_G+XGB_A+XGB_B+XGB_H,"[0.25, 0.25, 0.25, 0.25]",0.9447678489101298
triple,XGB_A+XGB_E+XGB_H,"[0.7, 0.15, 0.15]",0.9447678016632463
pair,XGB_G+XGB_B,"[0.5, 0.5]",0.9447677127708336
rank_average,XGB_G+XGB_A+XGB_E+XGB_D+XGB_H+XGB_F,equal,0.9447670773196445
pair,XGB_A+XGB_E,"[0.6, 0.4]",0.9447668174617847
rank_average,XGB_G+XGB_A+XGB_D+XGB_F+XGB_C,equal,0.9447664953140681
triple,XGB_A+XGB_E+XGB_D,"[0.5, 0.3, 0.2]",0.9447663624409359
rank_average,XGB_G+XGB_A+XGB_F+XGB_C,equal,0.9447660250330188
pair,XGB_A+XGB_D,"[0.8, 0.2]",0.9447660106184524
rank_average,XGB_G+XGB_H,equal,0.9447656916282859
pair,XGB_G+XGB_H,"[0.5, 0.5]",0.9447655588792835
triple,XGB_A+XGB_E+XGB_D,"[0.5, 0.25, 0.25]",0.9447654308627272
pair,XGB_A+XGB_D,"[0.75, 0.25]",0.9447643591885875
triple,XGB_A+XGB_E+XGB_C,"[0.7, 0.15, 0.15]",0.9447643173258314
rank_average,XGB_G+XGB_E+XGB_B,equal,0.9447641567407339
triple,XGB_A+XGB_D+XGB_H,"[0.7, 0.15, 0.15]",0.9447635040743011
triple,XGB_G+XGB_E+XGB_B,"[0.3333333333333333, 0.3333333333333333, 0.3333333333333333]",0.9447627112343552
rank_average,XGB_G+XGB_A+XGB_E+XGB_B+XGB_H,equal,0.9447624364188614
triple,XGB_A+XGB_D+XGB_C,"[0.7, 0.15, 0.15]",0.944762375308237
rank_average,XGB_G+XGB_A+XGB_D+XGB_B+XGB_H,equal,0.9447617495702003
triple,XGB_A+XGB_E+XGB_B,"[0.7, 0.15, 0.15]",0.9447616535558438
triple,XGB_A+XGB_H+XGB_F,"[0.7, 0.15, 0.15]",0.9447615133357824
pair,XGB_A+XGB_D,"[0.7, 0.3]",0.9447614473375493
rank_average,XGB_G+XGB_E+XGB_H,equal,0.9447611297360846
triple,XGB_G+XGB_E+XGB_H,"[0.3333333333333333, 0.3333333333333333, 0.3333333333333333]",0.9447609230367873
rank_average,XGB_G+XGB_A+XGB_E+XGB_D+XGB_F+XGB_C,equal,0.9447608501881442
triple,XGB_A+XGB_B+XGB_F,"[0.7, 0.15, 0.15]",0.9447605231373025
pair,XGB_A+XGB_F,"[0.7, 0.3]",0.9447600051749159
rank_average,XGB_G+XGB_A+XGB_E+XGB_F+XGB_C,equal,0.9447595814657945
rank_average,XGB_G+XGB_A+XGB_B+XGB_C,equal,0.9447592750515227
pair,XGB_A+XGB_H,"[0.8, 0.2]",0.9447591263751225
quad,XGB_A+XGB_E+XGB_D+XGB_H,"[0.5, 0.2, 0.15, 0.15]",0.9447586959785116
rank_average,XGB_G+XGB_A+XGB_E+XGB_D+XGB_B+XGB_H,equal,0.9447586752333281
rank_average,XGB_G+XGB_D+XGB_B,equal,0.9447586274278607
triple,XGB_G+XGB_D+XGB_B,"[0.3333333333333333, 0.3333333333333333, 0.3333333333333333]",0.9447582528353275
triple,XGB_A+XGB_D+XGB_F,"[0.5, 0.3, 0.2]",0.9447579716969747
rank_average,XGB_G+XGB_A+XGB_H+XGB_C,equal,0.9447578881809318
triple,XGB_A+XGB_F+XGB_C,"[0.7, 0.15, 0.15]",0.9447577646563208
triple,XGB_A+XGB_E+XGB_H,"[0.6, 0.2, 0.2]",0.9447577169129181
triple,XGB_A+XGB_D+XGB_B,"[0.7, 0.15, 0.15]",0.9447577107995283
rank_average,XGB_G+XGB_E+XGB_D+XGB_B,equal,0.9447576727227295
triple,XGB_A+XGB_E+XGB_F,"[0.5, 0.3, 0.2]",0.9447576113250551
rank_average,XGB_G+XGB_A+XGB_D+XGB_B+XGB_C,equal,0.9447572475395676
quad,XGB_G+XGB_E+XGB_D+XGB_B,"[0.25, 0.25, 0.25, 0.25]",0.9447570205683318
pair,XGB_A+XGB_C,"[0.8, 0.2]",0.9447558429416976
rank_average,XGB_G+XGB_A+XGB_D+XGB_H+XGB_C,equal,0.9447558235929737
quad,XGB_A+XGB_E+XGB_D+XGB_B,"[0.5, 0.2, 0.15, 0.15]",0.9447552252333036
rank_average,XGB_G+XGB_E+XGB_D+XGB_H,equal,0.94475512686824
triple,XGB_A+XGB_D+XGB_F,"[0.5, 0.25, 0.25]",0.9447551250140519
rank_average,XGB_G+XGB_D+XGB_H,equal,0.9447550932989025
triple,XGB_G+XGB_D+XGB_H,"[0.3333333333333333, 0.3333333333333333, 0.3333333333333333]",0.944755049550926
quad,XGB_G+XGB_E+XGB_D+XGB_H,"[0.25, 0.25, 0.25, 0.25]",0.9447548838377187
triple,XGB_A+XGB_D+XGB_H,"[0.6, 0.2, 0.2]",0.944754094504438
rank_average,XGB_G+XGB_A+XGB_E+XGB_B+XGB_C,equal,0.9447535575269259
rank_average,XGB_G+XGB_A+XGB_E+XGB_D+XGB_B+XGB_C,equal,0.9447532838441159
pair,XGB_A+XGB_H,"[0.75, 0.25]",0.9447530469347425
rank_average,XGB_A+XGB_E,equal,0.9447528047188225
triple,XGB_A+XGB_E+XGB_F,"[0.5, 0.25, 0.25]",0.9447527222578824
pair,XGB_A+XGB_E,"[0.5, 0.5]",0.9447524201416031
rank_average,XGB_G+XGB_A+XGB_E+XGB_H+XGB_C,equal,0.9447522795879428
rank_average,XGB_G+XGB_A+XGB_E+XGB_D+XGB_H+XGB_C,equal,0.9447520728110647
triple,XGB_A+XGB_E+XGB_B,"[0.6, 0.2, 0.2]",0.944751828771989
pair,XGB_A+XGB_D,"[0.6, 0.4]",0.9447513278696837
quad,XGB_A+XGB_E+XGB_D+XGB_H,"[0.4, 0.3, 0.2, 0.1]",0.9447510794550347
triple,XGB_A+XGB_D+XGB_C,"[0.6, 0.2, 0.2]",0.9447505259294762
triple,XGB_A+XGB_E+XGB_C,"[0.6, 0.2, 0.2]",0.9447501438814
pair,XGB_A+XGB_B,"[0.8, 0.2]",0.944750031745693
triple,XGB_A+XGB_H+XGB_C,"[0.7, 0.15, 0.15]",0.9447498018806825
quad,XGB_A+XGB_E+XGB_D+XGB_B,"[0.4, 0.3, 0.2, 0.1]",0.9447493784741279
rank_average,XGB_G+XGB_A+XGB_D+XGB_B+XGB_H+XGB_F,equal,0.944748984214788
triple,XGB_A+XGB_D+XGB_B,"[0.6, 0.2, 0.2]",0.9447483817665945
triple,XGB_A+XGB_B+XGB_H,"[0.7, 0.15, 0.15]",0.944748231647186
rank_average,XGB_G+XGB_A+XGB_B+XGB_H+XGB_F,equal,0.9447471859704692
rank_average,XGB_G+XGB_D+XGB_B+XGB_F,equal,0.9447471567456727
triple,XGB_A+XGB_E+XGB_H,"[0.5, 0.3, 0.2]",0.9447468752038983
pair,XGB_A+XGB_C,"[0.75, 0.25]",0.9447463277529391
rank_average,XGB_G+XGB_D+XGB_C,equal,0.9447456063186284
triple,XGB_A+XGB_B+XGB_C,"[0.7, 0.15, 0.15]",0.9447454536080115
triple,XGB_A+XGB_B+XGB_F,"[0.6, 0.2, 0.2]",0.9447452608500362
rank_average,XGB_G+XGB_E+XGB_D+XGB_C,equal,0.944744931836393
pair,XGB_A+XGB_H,"[0.7, 0.3]",0.9447445091203097
rank_average,XGB_G+XGB_A+XGB_E+XGB_B+XGB_H+XGB_F,equal,0.9447444877932683
rank_average,XGB_G+XGB_E+XGB_D+XGB_B+XGB_F,equal,0.9447441444969464
rank_average,XGB_A+XGB_E+XGB_D,equal,0.9447434723964507
triple,XGB_A+XGB_E+XGB_D,"[0.3333333333333333, 0.3333333333333333, 0.3333333333333333]",0.9447434682768947
rank_average,XGB_G+XGB_A+XGB_D+XGB_B+XGB_F+XGB_C,equal,0.94474332212188
pair,XGB_A+XGB_B,"[0.75, 0.25]",0.9447431065395481
triple,XGB_A+XGB_D+XGB_H,"[0.5, 0.3, 0.2]",0.9447429711993371
triple,XGB_G+XGB_D+XGB_C,"[0.3333333333333333, 0.3333333333333333, 0.3333333333333333]",0.9447427051117159
triple,XGB_A+XGB_H+XGB_F,"[0.6, 0.2, 0.2]",0.9447426908523116
triple,XGB_A+XGB_E+XGB_B,"[0.5, 0.3, 0.2]",0.9447426521393479
rank_average,XGB_G+XGB_B+XGB_F,equal,0.9447420005125015
triple,XGB_A+XGB_E+XGB_H,"[0.5, 0.25, 0.25]",0.9447410677473023
rank_average,XGB_G+XGB_E+XGB_C,equal,0.9447397344464538
quad,XGB_A+XGB_E+XGB_B+XGB_H,"[0.5, 0.2, 0.15, 0.15]",0.9447397080300928
triple,XGB_G+XGB_B+XGB_F,"[0.3333333333333333, 0.3333333333333333, 0.3333333333333333]",0.9447396745693688
quad,XGB_A+XGB_E+XGB_D+XGB_H,"[0.35, 0.3, 0.2, 0.15]",0.9447395091509694
rank_average,XGB_G+XGB_E+XGB_B+XGB_F,equal,0.9447393664095225
triple,XGB_A+XGB_D+XGB_C,"[0.5, 0.3, 0.2]",0.9447393391242535
quad,XGB_A+XGB_D+XGB_B+XGB_H,"[0.5, 0.2, 0.15, 0.15]",0.944739253591102
triple,XGB_A+XGB_D+XGB_H,"[0.5, 0.25, 0.25]",0.9447390349753495
triple,XGB_A+XGB_D+XGB_B,"[0.5, 0.3, 0.2]",0.9447390201961519
quad,XGB_A+XGB_E+XGB_D+XGB_B,"[0.35, 0.3, 0.2, 0.15]",0.9447380027279192
rank_average,XGB_G+XGB_A+XGB_B+XGB_F+XGB_C,equal,0.9447379045955987
triple,XGB_A+XGB_E+XGB_C,"[0.5, 0.3, 0.2]",0.9447373276483095
triple,XGB_G+XGB_E+XGB_C,"[0.3333333333333333, 0.3333333333333333, 0.3333333333333333]",0.944737267166092
rank_average,XGB_G+XGB_C,equal,0.9447366030409321
triple,XGB_A+XGB_E+XGB_B,"[0.5, 0.25, 0.25]",0.9447360066673377
rank_average,XGB_G+XGB_A+XGB_D+XGB_H+XGB_F+XGB_C,equal,0.9447359613522233
rank_average,XGB_G+XGB_A+XGB_E+XGB_B+XGB_F+XGB_C,equal,0.9447357133254797
pair,XGB_A+XGB_D,"[0.5, 0.5]",0.9447353720074757
rank_average,XGB_A+XGB_D,equal,0.9447348050215981
triple,XGB_A+XGB_D+XGB_B,"[0.5, 0.25, 0.25]",0.9447344305376784
triple,XGB_A+XGB_F+XGB_C,"[0.6, 0.2, 0.2]",0.9447343062760472
pair,XGB_A+XGB_B,"[0.7, 0.3]",0.9447341696867806
pair,XGB_A+XGB_C,"[0.7, 0.3]",0.9447335325675982
rank_average,XGB_G+XGB_E+XGB_D+XGB_H+XGB_F,equal,0.9447333588635384
pair,XGB_G+XGB_C,"[0.5, 0.5]",0.9447329263412054
rank_average,XGB_G+XGB_A+XGB_D+XGB_B+XGB_H+XGB_C,equal,0.9447328957199493
pair,XGB_A+XGB_F,"[0.6, 0.4]",0.9447326618052059
triple,XGB_A+XGB_D+XGB_C,"[0.5, 0.25, 0.25]",0.9447321642699197
triple,XGB_A+XGB_B+XGB_H,"[0.6, 0.2, 0.2]",0.9447310101736304
rank_average,XGB_G+XGB_D+XGB_H+XGB_F,equal,0.9447309952004797
rank_average,XGB_G+XGB_E+XGB_D+XGB_B+XGB_H,equal,0.9447288898669337
rank_average,XGB_G+XGB_A+XGB_E+XGB_H+XGB_F+XGB_C,equal,0.9447284488494714
rank_average,XGB_G+XGB_A+XGB_B+XGB_H+XGB_C,equal,0.9447281536379089
triple,XGB_A+XGB_E+XGB_C,"[0.5, 0.25, 0.25]",0.9447278306135259
rank_average,XGB_G+XGB_A+XGB_H+XGB_F+XGB_C,equal,0.9447278045462799
triple,XGB_A+XGB_H+XGB_C,"[0.6, 0.2, 0.2]",0.9447274949434254
rank_average,XGB_G+XGB_A+XGB_E+XGB_B+XGB_H+XGB_C,equal,0.9447274562692523
rank_average,XGB_G+XGB_D+XGB_B+XGB_H,equal,0.9447266651516066
quad,XGB_G+XGB_D+XGB_B+XGB_H,"[0.25, 0.25, 0.25, 0.25]",0.9447265515030685
quad,XGB_A+XGB_D+XGB_B+XGB_H,"[0.4, 0.3, 0.2, 0.1]",0.9447248361619018
rank_average,XGB_A+XGB_E+XGB_D+XGB_F,equal,0.9447246494397352
triple,XGB_A+XGB_B+XGB_C,"[0.6, 0.2, 0.2]",0.9447241441153078
rank_average,XGB_G+XGB_E+XGB_B+XGB_H,equal,0.9447237335406652
quad,XGB_A+XGB_E+XGB_B+XGB_H,"[0.4, 0.3, 0.2, 0.1]",0.94472367251538
quad,XGB_G+XGB_E+XGB_B+XGB_H,"[0.25, 0.25, 0.25, 0.25]",0.944723393494991
rank_average,XGB_G+XGB_E+XGB_H+XGB_F,equal,0.9447232672705581
rank_average,XGB_G+XGB_E+XGB_D+XGB_F+XGB_C,equal,0.9447231273297887
triple,XGB_A+XGB_B+XGB_F,"[0.5, 0.25, 0.25]",0.9447222899427813
rank_average,XGB_A+XGB_D+XGB_F,equal,0.9447214580795474
rank_average,XGB_G+XGB_B+XGB_H,equal,0.9447204669811271
triple,XGB_G+XGB_B+XGB_H,"[0.3333333333333333, 0.3333333333333333, 0.3333333333333333]",0.9447200862364132
rank_average,XGB_G+XGB_D+XGB_F+XGB_C,equal,0.9447199438595977
rank_average,XGB_G+XGB_E+XGB_D+XGB_B+XGB_C,equal,0.9447199133547131
triple,XGB_A+XGB_B+XGB_F,"[0.5, 0.3, 0.2]",0.9447195535258615
pair,XGB_A+XGB_H,"[0.6, 0.4]",0.9447194461536332
triple,XGB_A+XGB_D+XGB_F,"[0.3333333333333333, 0.3333333333333333, 0.3333333333333333]",0.9447181013164765
rank_average,XGB_G+XGB_D+XGB_B+XGB_C,equal,0.9447176773047891
rank_average,XGB_G+XGB_E+XGB_D+XGB_B+XGB_H+XGB_F,equal,0.9447152339116447
rank_average,XGB_G+XGB_E+XGB_D+XGB_H+XGB_C,equal,0.9447151008212854
rank_average,XGB_G+XGB_H+XGB_F,equal,0.9447150254590149
triple,XGB_A+XGB_H+XGB_F,"[0.5, 0.25, 0.25]",0.9447138291198218
quad,XGB_A+XGB_D+XGB_B+XGB_H,"[0.35, 0.3, 0.2, 0.15]",0.9447137908490705
triple,XGB_G+XGB_H+XGB_F,"[0.3333333333333333, 0.3333333333333333, 0.3333333333333333]",0.9447137401110376
rank_average,XGB_G+XGB_D+XGB_B+XGB_H+XGB_F,equal,0.944712077237962
triple,XGB_A+XGB_H+XGB_F,"[0.5, 0.3, 0.2]",0.9447120607287062
rank_average,XGB_G+XGB_D+XGB_H+XGB_C,equal,0.9447106584970593
pair,XGB_A+XGB_B,"[0.6, 0.4]",0.9447104729308509
quad,XGB_A+XGB_E+XGB_B+XGB_H,"[0.35, 0.3, 0.2, 0.15]",0.9447103784138092
quad,XGB_A+XGB_E+XGB_D+XGB_B,"[0.25, 0.25, 0.25, 0.25]",0.9447102994750507
rank_average,XGB_A+XGB_E+XGB_D+XGB_B,equal,0.9447102880783886
quad,XGB_A+XGB_E+XGB_D+XGB_H,"[0.25, 0.25, 0.25, 0.25]",0.9447100409283113
rank_average,XGB_A+XGB_E+XGB_D+XGB_H,equal,0.9447100219287023
rank_average,XGB_A+XGB_E+XGB_F,equal,0.9447097081597433
rank_average,XGB_G+XGB_A+XGB_B+XGB_H+XGB_F+XGB_C,equal,0.9447096039217914
rank_average,XGB_G+XGB_E+XGB_B+XGB_C,equal,0.9447081116417737
triple,XGB_A+XGB_E+XGB_F,"[0.3333333333333333, 0.3333333333333333, 0.3333333333333333]",0.9447074722572234
triple,XGB_A+XGB_B+XGB_H,"[0.5, 0.25, 0.25]",0.9447067163458762
rank_average,XGB_G+XGB_E+XGB_D+XGB_B+XGB_F+XGB_C,equal,0.9447065015238391
rank_average,XGB_G+XGB_E+XGB_F+XGB_C,equal,0.9447053454880221
triple,XGB_A+XGB_B+XGB_H,"[0.5, 0.3, 0.2]",0.944705126903302
rank_average,XGB_G+XGB_E+XGB_B+XGB_H+XGB_F,equal,0.9447031432169045
triple,XGB_A+XGB_F+XGB_C,"[0.5, 0.3, 0.2]",0.9447028437538982
rank_average,XGB_G+XGB_D+XGB_B+XGB_F+XGB_C,equal,0.9447025551444868
rank_average,XGB_A+XGB_E+XGB_D+XGB_B+XGB_F,equal,0.9447017241424029
rank_average,XGB_G+XGB_B+XGB_C,equal,0.9447012882995994
rank_average,XGB_G+XGB_E+XGB_H+XGB_C,equal,0.94470127894332
triple,XGB_A+XGB_D+XGB_H,"[0.3333333333333333, 0.3333333333333333, 0.3333333333333333]",0.9447012581748624
rank_average,XGB_A+XGB_D+XGB_H,equal,0.9447011406705439
triple,XGB_A+XGB_D+XGB_B,"[0.3333333333333333, 0.3333333333333333, 0.3333333333333333]",0.9447009376097997
rank_average,XGB_A+XGB_D+XGB_B,equal,0.9447006470763771
triple,XGB_A+XGB_F+XGB_C,"[0.5, 0.25, 0.25]",0.9446994778207425
rank_average,XGB_A+XGB_E+XGB_D+XGB_C,equal,0.9446987786987531
triple,XGB_A+XGB_E+XGB_H,"[0.3333333333333333, 0.3333333333333333, 0.3333333333333333]",0.9446986974015293
triple,XGB_G+XGB_B+XGB_C,"[0.3333333333333333, 0.3333333333333333, 0.3333333333333333]",0.9446985095544369
rank_average,XGB_A+XGB_E+XGB_H,equal,0.9446984399176508
triple,XGB_A+XGB_H+XGB_C,"[0.5, 0.3, 0.2]",0.9446977568782212
rank_average,XGB_G+XGB_E+XGB_D+XGB_B+XGB_H+XGB_C,equal,0.9446977141775895
rank_average,XGB_A+XGB_E+XGB_B,equal,0.9446974571979881
triple,XGB_A+XGB_E+XGB_B,"[0.3333333333333333, 0.3333333333333333, 0.3333333333333333]",0.9446973006858977
pair,XGB_A+XGB_C,"[0.6, 0.4]",0.9446970640868487
rank_average,XGB_G+XGB_E+XGB_D+XGB_H+XGB_F+XGB_C,equal,0.9446966831249081
triple,XGB_A+XGB_B+XGB_C,"[0.5, 0.3, 0.2]",0.9446965117327648
rank_average,XGB_A+XGB_F,equal,0.9446959009058135
rank_average,XGB_G+XGB_B+XGB_H+XGB_F,equal,0.9446956147324479
rank_average,XGB_A+XGB_D+XGB_B+XGB_F,equal,0.944695548229938
triple,XGB_A+XGB_H+XGB_C,"[0.5, 0.25, 0.25]",0.9446952371685591
triple,XGB_A+XGB_B+XGB_C,"[0.5, 0.25, 0.25]",0.9446945769690022
rank_average,XGB_A+XGB_E+XGB_D+XGB_H+XGB_F,equal,0.9446924208198424
rank_average,XGB_G+XGB_D+XGB_B+XGB_H+XGB_C,equal,0.9446920984936892
pair,XGB_A+XGB_F,"[0.5, 0.5]",0.9446916083363647
rank_average,XGB_G+XGB_F+XGB_C,equal,0.9446915964043932
rank_average,XGB_G+XGB_H+XGB_C,equal,0.9446904883602383
rank_average,XGB_A+XGB_D+XGB_C,equal,0.9446896990347158
rank_average,XGB_G+XGB_E+XGB_B+XGB_F+XGB_C,equal,0.9446892431294426
rank_average,XGB_G+XGB_D+XGB_H+XGB_F+XGB_C,equal,0.9446890283229215
triple,XGB_G+XGB_H+XGB_C,"[0.3333333333333333, 0.3333333333333333, 0.3333333333333333]",0.9446886468644617
triple,XGB_G+XGB_F+XGB_C,"[0.3333333333333333, 0.3333333333333333, 0.3333333333333333]",0.9446884182872972
rank_average,XGB_A+XGB_E+XGB_D+XGB_B+XGB_H,equal,0.9446876223518662
triple,XGB_A+XGB_D+XGB_C,"[0.3333333333333333, 0.3333333333333333, 0.3333333333333333]",0.9446866532399265
pair,XGB_A+XGB_H,"[0.5, 0.5]",0.9446843072808727
rank_average,XGB_A+XGB_H,equal,0.944684035180717
rank_average,XGB_A+XGB_E+XGB_B+XGB_F,equal,0.9446829805433842
rank_average,XGB_G+XGB_E+XGB_B+XGB_H+XGB_C,equal,0.9446821799918781
rank_average,XGB_A+XGB_D+XGB_H+XGB_F,equal,0.9446820465446457
rank_average,XGB_A+XGB_E+XGB_D+XGB_F+XGB_C,equal,0.9446814160664045
rank_average,XGB_G+XGB_B+XGB_F+XGB_C,equal,0.9446788383338452
pair,XGB_A+XGB_B,"[0.5, 0.5]",0.9446788002337724
rank_average,XGB_G+XGB_D+XGB_B+XGB_H+XGB_F+XGB_C,equal,0.9446786245358785
rank_average,XGB_A+XGB_B,equal,0.9446785677542789
rank_average,XGB_A+XGB_E+XGB_D+XGB_B+XGB_H+XGB_F,equal,0.94467817595426
rank_average,XGB_A+XGB_E+XGB_D+XGB_B+XGB_C,equal,0.9446781517799925
quad,XGB_A+XGB_D+XGB_B+XGB_H,"[0.25, 0.25, 0.25, 0.25]",0.9446771151647468
rank_average,XGB_A+XGB_D+XGB_B+XGB_H,equal,0.9446770652335577
rank_average,XGB_G+XGB_E+XGB_H+XGB_F+XGB_C,equal,0.9446757537640273
rank_average,XGB_A+XGB_E+XGB_C,equal,0.9446750344244058
rank_average,XGB_A+XGB_E+XGB_D+XGB_H+XGB_C,equal,0.944674810075411
triple,XGB_A+XGB_E+XGB_C,"[0.3333333333333333, 0.3333333333333333, 0.3333333333333333]",0.9446726497368721
rank_average,XGB_G+XGB_B+XGB_H+XGB_C,equal,0.9446710908146985
rank_average,XGB_A+XGB_D+XGB_F+XGB_C,equal,0.9446695955943575
rank_average,XGB_A+XGB_E+XGB_B+XGB_H,equal,0.9446693584987896
quad,XGB_A+XGB_E+XGB_B+XGB_H,"[0.25, 0.25, 0.25, 0.25]",0.9446692687374688
rank_average,XGB_A+XGB_E+XGB_H+XGB_F,equal,0.9446692623990938
rank_average,XGB_A+XGB_E+XGB_D+XGB_B+XGB_F+XGB_C,equal,0.944668967660776
rank_average,XGB_A+XGB_D+XGB_B+XGB_H+XGB_F,equal,0.9446682150155928
rank_average,XGB_A+XGB_B+XGB_F,equal,0.9446680930426037
rank_average,XGB_A+XGB_D+XGB_B+XGB_C,equal,0.9446671373754671
rank_average,XGB_G+XGB_E+XGB_B+XGB_H+XGB_F+XGB_C,equal,0.9446668730101458
triple,XGB_A+XGB_B+XGB_F,"[0.3333333333333333, 0.3333333333333333, 0.3333333333333333]",0.9446661447564573
rank_average,XGB_E+XGB_D,equal,0.9446625868876857
rank_average,XGB_A+XGB_D+XGB_H+XGB_C,equal,0.9446624230596986
pair,XGB_E+XGB_D,"[0.5, 0.5]",0.9446621225260735
rank_average,XGB_A+XGB_E+XGB_D+XGB_B+XGB_H+XGB_C,equal,0.9446610953602047
rank_average,XGB_A+XGB_E+XGB_D+XGB_H+XGB_F+XGB_C,equal,0.9446601174583277
pair,XGB_E+XGB_D,"[0.6, 0.4]",0.944659616393102
rank_average,XGB_G+XGB_H+XGB_F+XGB_C,equal,0.9446588826311562
rank_average,XGB_A+XGB_D+XGB_B+XGB_F+XGB_C,equal,0.9446580469742069
triple,XGB_E+XGB_D+XGB_F,"[0.5, 0.3, 0.2]",0.9446579276234588
rank_average,XGB_A+XGB_E+XGB_B+XGB_H+XGB_F,equal,0.94465627407563
rank_average,XGB_G+XGB_B+XGB_H+XGB_F+XGB_C,equal,0.9446535924542337
rank_average,XGB_A+XGB_E+XGB_B+XGB_C,equal,0.9446526792239529
triple,XGB_E+XGB_D+XGB_B,"[0.5, 0.3, 0.2]",0.9446524649061928
rank_average,XGB_A+XGB_C,equal,0.9446505070232656
rank_average,XGB_A+XGB_E+XGB_F+XGB_C,equal,0.9446503079346733
pair,XGB_E+XGB_D,"[0.7, 0.3]",0.9446502484222193
triple,XGB_A+XGB_B+XGB_H,"[0.3333333333333333, 0.3333333333333333, 0.3333333333333333]",0.9446501970247475
rank_average,XGB_A+XGB_B+XGB_H,equal,0.9446500719329987
quad,XGB_E+XGB_D+XGB_B+XGB_H,"[0.4, 0.3, 0.2, 0.1]",0.9446495018438774
rank_average,XGB_A+XGB_D+XGB_B+XGB_H+XGB_C,equal,0.9446489050978941
triple,XGB_E+XGB_D+XGB_F,"[0.5, 0.25, 0.25]",0.9446484440334781
triple,XGB_E+XGB_D+XGB_H,"[0.5, 0.3, 0.2]",0.944648380797132
rank_average,XGB_A+XGB_E+XGB_H+XGB_C,equal,0.9446481745555632
pair,XGB_A+XGB_C,"[0.5, 0.5]",0.9446465588983387
rank_average,XGB_A+XGB_D+XGB_H+XGB_F+XGB_C,equal,0.944646170248112
rank_average,XGB_A+XGB_H+XGB_F,equal,0.9446453635909743
rank_average,XGB_E+XGB_D+XGB_F,equal,0.9446453440948464
quad,XGB_E+XGB_D+XGB_B+XGB_H,"[0.35, 0.3, 0.2, 0.15]",0.944645272014256
triple,XGB_E+XGB_D+XGB_F,"[0.6, 0.2, 0.2]",0.9446450297750618
triple,XGB_E+XGB_D+XGB_B,"[0.5, 0.25, 0.25]",0.944644645484892
triple,XGB_A+XGB_H+XGB_F,"[0.3333333333333333, 0.3333333333333333, 0.3333333333333333]",0.9446433046276452
pair,XGB_E+XGB_D,"[0.75, 0.25]",0.9446430325895543
triple,XGB_E+XGB_D+XGB_F,"[0.3333333333333333, 0.3333333333333333, 0.3333333333333333]",0.9446428292727926
rank_average,XGB_A+XGB_E+XGB_B+XGB_F+XGB_C,equal,0.9446417926109985
rank_average,XGB_E+XGB_D+XGB_B,equal,0.9446411045132819
triple,XGB_E+XGB_D+XGB_B,"[0.6, 0.2, 0.2]",0.944641016885441
triple,XGB_E+XGB_D+XGB_B,"[0.3333333333333333, 0.3333333333333333, 0.3333333333333333]",0.9446407430629852
quad,XGB_E+XGB_D+XGB_B+XGB_H,"[0.5, 0.2, 0.15, 0.15]",0.9446402274590634
rank_average,XGB_A+XGB_D+XGB_B+XGB_H+XGB_F+XGB_C,equal,0.9446401624228359
triple,XGB_E+XGB_D+XGB_H,"[0.5, 0.25, 0.25]",0.9446391031771864
rank_average,XGB_E+XGB_D+XGB_B+XGB_F,equal,0.9446375265510081
rank_average,XGB_A+XGB_B+XGB_H+XGB_F,equal,0.9446372043877751
triple,XGB_E+XGB_D+XGB_H,"[0.6, 0.2, 0.2]",0.9446368492293049
triple,XGB_E+XGB_D+XGB_F,"[0.7, 0.15, 0.15]",0.9446365855234228
rank_average,XGB_A+XGB_E+XGB_B+XGB_H+XGB_C,equal,0.9446357137757508
triple,XGB_E+XGB_D+XGB_C,"[0.5, 0.3, 0.2]",0.9446346657250526
triple,XGB_D+XGB_B+XGB_F,"[0.6, 0.2, 0.2]",0.9446342879904854
pair,XGB_E+XGB_D,"[0.8, 0.2]",0.9446339679296999
triple,XGB_E+XGB_D+XGB_B,"[0.7, 0.15, 0.15]",0.9446327130866071
rank_average,XGB_E+XGB_D+XGB_H,equal,0.9446324693035492
triple,XGB_E+XGB_D+XGB_H,"[0.3333333333333333, 0.3333333333333333, 0.3333333333333333]",0.9446321541070981
triple,XGB_D+XGB_B+XGB_F,"[0.7, 0.15, 0.15]",0.9446307766936418
triple,XGB_E+XGB_D+XGB_H,"[0.7, 0.15, 0.15]",0.944629967034116
rank_average,XGB_A+XGB_E+XGB_H+XGB_F+XGB_C,equal,0.9446298595998229
triple,XGB_D+XGB_B+XGB_F,"[0.5, 0.25, 0.25]",0.9446298367909823
triple,XGB_D+XGB_B+XGB_F,"[0.5, 0.3, 0.2]",0.9446288782533455
rank_average,XGB_A+XGB_B+XGB_C,equal,0.944628672880685
triple,XGB_A+XGB_B+XGB_C,"[0.3333333333333333, 0.3333333333333333, 0.3333333333333333]",0.9446264621377123
rank_average,XGB_A+XGB_E+XGB_B+XGB_H+XGB_F+XGB_C,equal,0.9446262452209856
rank_average,XGB_E+XGB_D+XGB_B+XGB_H,equal,0.944622911189174
quad,XGB_E+XGB_D+XGB_B+XGB_H,"[0.25, 0.25, 0.25, 0.25]",0.944622658166208
pair,XGB_D+XGB_F,"[0.7, 0.3]",0.9446225389861381
pair,XGB_D+XGB_F,"[0.75, 0.25]",0.9446224739964594
triple,XGB_D+XGB_H+XGB_F,"[0.7, 0.15, 0.15]",0.9446224455009251
rank_average,XGB_A+XGB_H+XGB_C,equal,0.9446222624095535
triple,XGB_E+XGB_D+XGB_C,"[0.6, 0.2, 0.2]",0.9446212425906138
triple,XGB_D+XGB_H+XGB_F,"[0.6, 0.2, 0.2]",0.9446206811207517
rank_average,XGB_A+XGB_F+XGB_C,equal,0.9446201002711335
triple,XGB_A+XGB_H+XGB_C,"[0.3333333333333333, 0.3333333333333333, 0.3333333333333333]",0.944619940190313
triple,XGB_E+XGB_D+XGB_C,"[0.5, 0.25, 0.25]",0.944619555923418
rank_average,XGB_A+XGB_B+XGB_F+XGB_C,equal,0.944619494192145
pair,XGB_D+XGB_F,"[0.8, 0.2]",0.94461909314446
triple,XGB_D+XGB_F+XGB_C,"[0.7, 0.15, 0.15]",0.9446186721584351
rank_average,XGB_E+XGB_D+XGB_H+XGB_F,equal,0.9446184471577589
triple,XGB_E+XGB_D+XGB_C,"[0.7, 0.15, 0.15]",0.9446182036772672
triple,XGB_D+XGB_B+XGB_H,"[0.6, 0.2, 0.2]",0.9446179531136218
rank_average,XGB_E+XGB_D+XGB_B+XGB_H+XGB_F,equal,0.944617890901346
triple,XGB_D+XGB_B+XGB_H,"[0.7, 0.15, 0.15]",0.94461682520095
triple,XGB_A+XGB_F+XGB_C,"[0.3333333333333333, 0.3333333333333333, 0.3333333333333333]",0.9446161181268988
triple,XGB_D+XGB_B+XGB_C,"[0.7, 0.15, 0.15]",0.9446137343625799
rank_average,XGB_A+XGB_B+XGB_H+XGB_C,equal,0.9446133879009498
pair,XGB_D+XGB_F,"[0.6, 0.4]",0.9446127231939315
triple,XGB_D+XGB_B+XGB_H,"[0.5, 0.3, 0.2]",0.9446126854972802
triple,XGB_D+XGB_F+XGB_C,"[0.6, 0.2, 0.2]",0.9446125751071477
triple,XGB_D+XGB_B+XGB_H,"[0.5, 0.25, 0.25]",0.9446120209376663
pair,XGB_D+XGB_B,"[0.7, 0.3]",0.9446118119652432
triple,XGB_D+XGB_B+XGB_C,"[0.6, 0.2, 0.2]",0.9446110861708751
pair,XGB_D+XGB_B,"[0.75, 0.25]",0.9446104836451004
triple,XGB_D+XGB_H+XGB_F,"[0.5, 0.25, 0.25]",0.9446098405444159
rank_average,XGB_E+XGB_D+XGB_C,equal,0.9446087995535968
triple,XGB_D+XGB_H+XGB_C,"[0.7, 0.15, 0.15]",0.9446087446804922
pair,XGB_D+XGB_B,"[0.6, 0.4]",0.9446078398677596
triple,XGB_D+XGB_H+XGB_F,"[0.5, 0.3, 0.2]",0.9446076533395457
triple,XGB_E+XGB_B+XGB_F,"[0.7, 0.15, 0.15]",0.9446076280015618
pair,XGB_D+XGB_B,"[0.8, 0.2]",0.9446070488509694
rank_average,XGB_D+XGB_B+XGB_F,equal,0.9446069901841495
rank_average,XGB_E+XGB_D+XGB_B+XGB_C,equal,0.9446063081843066
triple,XGB_E+XGB_D+XGB_C,"[0.3333333333333333, 0.3333333333333333, 0.3333333333333333]",0.9446062823885943
triple,XGB_E+XGB_B+XGB_F,"[0.6, 0.2, 0.2]",0.9446060029570255
triple,XGB_D+XGB_B+XGB_F,"[0.3333333333333333, 0.3333333333333333, 0.3333333333333333]",0.9446045770553883
rank_average,XGB_A+XGB_B+XGB_H+XGB_F+XGB_C,equal,0.9446045480090283
triple,XGB_D+XGB_B+XGB_C,"[0.5, 0.3, 0.2]",0.9446041628189182
pair,XGB_D+XGB_H,"[0.75, 0.25]",0.9446037655416742
triple,XGB_D+XGB_H+XGB_C,"[0.6, 0.2, 0.2]",0.9446034570249549
pair,XGB_D+XGB_H,"[0.7, 0.3]",0.9446033679541059
rank_average,XGB_E+XGB_D+XGB_B+XGB_F+XGB_C,equal,0.9446032534599338
pair,XGB_D+XGB_H,"[0.8, 0.2]",0.9446018229965284
rank_average,XGB_A+XGB_H+XGB_F+XGB_C,equal,0.9446015977320765
triple,XGB_E+XGB_B+XGB_H,"[0.7, 0.15, 0.15]",0.9446011937595846
triple,XGB_E+XGB_H+XGB_F,"[0.7, 0.15, 0.15]",0.9446000398727638
triple,XGB_D+XGB_B+XGB_C,"[0.5, 0.25, 0.25]",0.9445999619735918
triple,XGB_E+XGB_B+XGB_F,"[0.5, 0.3, 0.2]",0.9445997820785609
triple,XGB_D+XGB_F+XGB_C,"[0.5, 0.3, 0.2]",0.944599572330327
rank_average,XGB_E+XGB_D+XGB_F+XGB_C,equal,0.9445994341506482
triple,XGB_E+XGB_B+XGB_F,"[0.5, 0.25, 0.25]",0.9445992503998374
pair,XGB_E+XGB_F,"[0.8, 0.2]",0.9445990647482898
pair,XGB_D+XGB_C,"[0.8, 0.2]",0.9445984269929423
triple,XGB_E+XGB_B+XGB_H,"[0.6, 0.2, 0.2]",0.9445980501117669
pair,XGB_E+XGB_B,"[0.8, 0.2]",0.9445972763800434
pair,XGB_E+XGB_F,"[0.75, 0.25]",0.9445972625007866
pair,XGB_E+XGB_B,"[0.75, 0.25]",0.9445972166503624
pair,XGB_D+XGB_C,"[0.75, 0.25]",0.9445971192085139
rank_average,XGB_E+XGB_D+XGB_B+XGB_H+XGB_C,equal,0.9445966991301878
rank_average,XGB_E+XGB_D+XGB_H+XGB_C,equal,0.9445964731364737
triple,XGB_D+XGB_F+XGB_C,"[0.5, 0.25, 0.25]",0.9445958080260338
pair,XGB_E+XGB_B,"[0.7, 0.3]",0.9445954356600779
rank_average,XGB_D+XGB_B,equal,0.944595288279282
pair,XGB_D+XGB_H,"[0.6, 0.4]",0.9445952716614124
pair,XGB_D+XGB_B,"[0.5, 0.5]",0.9445951071739862
rank_average,XGB_D+XGB_F,equal,0.9445946913781361
triple,XGB_E+XGB_H+XGB_F,"[0.6, 0.2, 0.2]",0.9445935397178927
pair,XGB_E+XGB_H,"[0.8, 0.2]",0.9445934624781597
pair,XGB_E+XGB_F,"[0.7, 0.3]",0.9445930007698211
rank_average,XGB_E+XGB_D+XGB_B+XGB_H+XGB_F+XGB_C,equal,0.944592967099628
pair,XGB_D+XGB_C,"[0.7, 0.3]",0.9445924037755778
triple,XGB_D+XGB_H+XGB_C,"[0.5, 0.3, 0.2]",0.9445920508902336
pair,XGB_E+XGB_H,"[0.75, 0.25]",0.9445920244040497
triple,XGB_E+XGB_B+XGB_H,"[0.5, 0.3, 0.2]",0.944590576702126
triple,XGB_E+XGB_B+XGB_H,"[0.5, 0.25, 0.25]",0.944590171015092
pair,XGB_D+XGB_F,"[0.5, 0.5]",0.9445898391697392
triple,XGB_D+XGB_H+XGB_C,"[0.5, 0.25, 0.25]",0.944589575952618
pair,XGB_E+XGB_H,"[0.7, 0.3]",0.9445887409861407
rank_average,XGB_D+XGB_B+XGB_H+XGB_F,equal,0.9445883118385852
rank_average,XGB_E+XGB_D+XGB_H+XGB_F+XGB_C,equal,0.9445878998674828
triple,XGB_E+XGB_B+XGB_C,"[0.7, 0.15, 0.15]",0.9445876266424013
rank_average,XGB_D+XGB_B+XGB_H,equal,0.9445870269328202
pair,XGB_E+XGB_B,"[0.6, 0.4]",0.9445869887939565
triple,XGB_D+XGB_B+XGB_H,"[0.3333333333333333, 0.3333333333333333, 0.3333333333333333]",0.9445866609595461
triple,XGB_E+XGB_F+XGB_C,"[0.7, 0.15, 0.15]",0.9445857881257388
triple,XGB_E+XGB_H+XGB_C,"[0.7, 0.15, 0.15]",0.9445833826852633
triple,XGB_E+XGB_H+XGB_F,"[0.5, 0.25, 0.25]",0.9445804705316592
triple,XGB_E+XGB_H+XGB_F,"[0.5, 0.3, 0.2]",0.9445801497338534
triple,XGB_E+XGB_B+XGB_C,"[0.6, 0.2, 0.2]",0.9445792941618386
rank_average,XGB_D+XGB_H,equal,0.9445788171855414
pair,XGB_D+XGB_H,"[0.5, 0.5]",0.9445782175535412
pair,XGB_E+XGB_F,"[0.6, 0.4]",0.9445772919102863
rank_average,XGB_E+XGB_B+XGB_F,equal,0.9445770564206467
pair,XGB_E+XGB_H,"[0.6, 0.4]",0.944576847471498
triple,XGB_E+XGB_B+XGB_F,"[0.3333333333333333, 0.3333333333333333, 0.3333333333333333]",0.9445762657607295
rank_average,XGB_D+XGB_H+XGB_F,equal,0.9445744934905596
pair,XGB_E+XGB_C,"[0.8, 0.2]",0.9445738486908489
triple,XGB_E+XGB_F+XGB_C,"[0.6, 0.2, 0.2]",0.9445733936932743
pair,XGB_D+XGB_C,"[0.6, 0.4]",0.9445730792959086
rank_average,XGB_E+XGB_B,equal,0.9445726702418551
triple,XGB_E+XGB_H+XGB_C,"[0.6, 0.2, 0.2]",0.9445725950580213
pair,XGB_E+XGB_B,"[0.5, 0.5]",0.9445722178665213
triple,XGB_E+XGB_B+XGB_C,"[0.5, 0.3, 0.2]",0.9445720061710021
triple,XGB_D+XGB_H+XGB_F,"[0.3333333333333333, 0.3333333333333333, 0.3333333333333333]",0.9445716189405093
rank_average,XGB_D+XGB_B+XGB_F+XGB_C,equal,0.9445703544773614
pair,XGB_E+XGB_C,"[0.75, 0.25]",0.9445663743036863
rank_average,XGB_E+XGB_B+XGB_H,equal,0.9445661926863556
triple,XGB_E+XGB_B+XGB_H,"[0.3333333333333333, 0.3333333333333333, 0.3333333333333333]",0.9445661425456974
rank_average,XGB_D+XGB_B+XGB_C,equal,0.9445656638858904
triple,XGB_E+XGB_B+XGB_C,"[0.5, 0.25, 0.25]",0.9445655871504345
rank_average,XGB_E+XGB_B+XGB_H+XGB_F,equal,0.9445654438348875
rank_average,XGB_D+XGB_B+XGB_H+XGB_F+XGB_C,equal,0.9445638774183807
rank_average,XGB_D+XGB_B+XGB_H+XGB_C,equal,0.9445633551735175
triple,XGB_D+XGB_B+XGB_C,"[0.3333333333333333, 0.3333333333333333, 0.3333333333333333]",0.9445630137158676
triple,XGB_E+XGB_H+XGB_C,"[0.5, 0.3, 0.2]",0.9445611067882003
triple,XGB_E+XGB_F+XGB_C,"[0.5, 0.3, 0.2]",0.9445584568431629
pair,XGB_E+XGB_H,"[0.5, 0.5]",0.9445576013099385
rank_average,XGB_E+XGB_H,equal,0.9445568579512116
pair,XGB_E+XGB_C,"[0.7, 0.3]",0.9445567137124498
triple,XGB_E+XGB_H+XGB_C,"[0.5, 0.25, 0.25]",0.9445560989133468
triple,XGB_E+XGB_F+XGB_C,"[0.5, 0.25, 0.25]",0.9445540098097643
rank_average,XGB_E+XGB_F,equal,0.9445529464600754
pair,XGB_E+XGB_F,"[0.5, 0.5]",0.9445521528365606
rank_average,XGB_D+XGB_H+XGB_C,equal,0.9445495902633464
rank_average,XGB_D+XGB_F+XGB_C,equal,0.9445490356904432
rank_average,XGB_D+XGB_H+XGB_F+XGB_C,equal,0.9445472805191452
triple,XGB_D+XGB_H+XGB_C,"[0.3333333333333333, 0.3333333333333333, 0.3333333333333333]",0.9445465602097601
rank_average,XGB_D+XGB_C,equal,0.9445452067378282
rank_average,XGB_E+XGB_H+XGB_F,equal,0.9445450149806489
triple,XGB_E+XGB_H+XGB_F,"[0.3333333333333333, 0.3333333333333333, 0.3333333333333333]",0.9445446052593983
triple,XGB_D+XGB_F+XGB_C,"[0.3333333333333333, 0.3333333333333333, 0.3333333333333333]",0.9445444432390505
rank_average,XGB_E+XGB_B+XGB_H+XGB_F+XGB_C,equal,0.9445409955121519
pair,XGB_D+XGB_C,"[0.5, 0.5]",0.9445408764484536
rank_average,XGB_E+XGB_B+XGB_F+XGB_C,equal,0.9445406858394745
rank_average,XGB_E+XGB_B+XGB_H+XGB_C,equal,0.9445388576798873
rank_average,XGB_E+XGB_B+XGB_C,equal,0.9445327371292879
triple,XGB_E+XGB_B+XGB_C,"[0.3333333333333333, 0.3333333333333333, 0.3333333333333333]",0.9445314126494089
pair,XGB_E+XGB_C,"[0.6, 0.4]",0.944530593098294
rank_average,XGB_E+XGB_H+XGB_F+XGB_C,equal,0.9445176978100731
rank_average,XGB_E+XGB_H+XGB_C,equal,0.944517018579875
triple,XGB_E+XGB_H+XGB_C,"[0.3333333333333333, 0.3333333333333333, 0.3333333333333333]",0.944516042307201
triple,XGB_B+XGB_H+XGB_F,"[0.5, 0.25, 0.25]",0.944508307806161
rank_average,XGB_E+XGB_F+XGB_C,equal,0.9445077848087613
triple,XGB_E+XGB_F+XGB_C,"[0.3333333333333333, 0.3333333333333333, 0.3333333333333333]",0.9445065738377748
triple,XGB_B+XGB_H+XGB_F,"[0.5, 0.3, 0.2]",0.9445062668571611
triple,XGB_B+XGB_H+XGB_F,"[0.6, 0.2, 0.2]",0.9445025126927165
rank_average,XGB_B+XGB_H+XGB_F,equal,0.9445013376417745
triple,XGB_B+XGB_H+XGB_F,"[0.3333333333333333, 0.3333333333333333, 0.3333333333333333]",0.9445005602482237
rank_average,XGB_E+XGB_C,equal,0.9444964401027467
pair,XGB_E+XGB_C,"[0.5, 0.5]",0.9444953070697227
pair,XGB_B+XGB_F,"[0.6, 0.4]",0.9444937176349066
triple,XGB_B+XGB_F+XGB_C,"[0.5, 0.3, 0.2]",0.944489568311182
triple,XGB_B+XGB_H+XGB_F,"[0.7, 0.15, 0.15]",0.9444890329628726
rank_average,XGB_B+XGB_F,equal,0.944488585932876
pair,XGB_B+XGB_F,"[0.7, 0.3]",0.94448842702353
pair,XGB_B+XGB_F,"[0.5, 0.5]",0.9444874577874608
rank_average,XGB_B+XGB_H+XGB_F+XGB_C,equal,0.9444855858255904
triple,XGB_B+XGB_F+XGB_C,"[0.6, 0.2, 0.2]",0.9444846416404551
triple,XGB_B+XGB_F+XGB_C,"[0.5, 0.25, 0.25]",0.9444841230651775
triple,XGB_B+XGB_H+XGB_C,"[0.5, 0.3, 0.2]",0.9444828407351047
pair,XGB_B+XGB_F,"[0.75, 0.25]",0.9444813363136463
triple,XGB_B+XGB_H+XGB_C,"[0.5, 0.25, 0.25]",0.944478189120373
pair,XGB_B+XGB_H,"[0.6, 0.4]",0.9444780518794254
rank_average,XGB_B+XGB_H,equal,0.9444777110579402
pair,XGB_B+XGB_H,"[0.5, 0.5]",0.9444773154719642
triple,XGB_B+XGB_F+XGB_C,"[0.7, 0.15, 0.15]",0.9444767073448349
triple,XGB_B+XGB_H+XGB_C,"[0.6, 0.2, 0.2]",0.944476169894078
pair,XGB_B+XGB_F,"[0.8, 0.2]",0.9444713111999019
pair,XGB_B+XGB_H,"[0.7, 0.3]",0.9444708309108921
rank_average,XGB_B+XGB_H+XGB_C,equal,0.9444683884332047
triple,XGB_B+XGB_H+XGB_C,"[0.7, 0.15, 0.15]",0.9444674269630023
triple,XGB_B+XGB_H+XGB_C,"[0.3333333333333333, 0.3333333333333333, 0.3333333333333333]",0.9444667718062164
rank_average,XGB_B+XGB_F+XGB_C,equal,0.9444657582791032
triple,XGB_B+XGB_F+XGB_C,"[0.3333333333333333, 0.3333333333333333, 0.3333333333333333]",0.9444642148731475
pair,XGB_B+XGB_H,"[0.75, 0.25]",0.9444641320087854
pair,XGB_B+XGB_H,"[0.8, 0.2]",0.9444554549052645
pair,XGB_B+XGB_C,"[0.7, 0.3]",0.9444427425222205
pair,XGB_B+XGB_C,"[0.75, 0.25]",0.9444422517520052
pair,XGB_B+XGB_C,"[0.8, 0.2]",0.9444390916182059
pair,XGB_B+XGB_C,"[0.6, 0.4]",0.9444361173919721
triple,XGB_H+XGB_F+XGB_C,"[0.5, 0.3, 0.2]",0.9444358548730806
triple,XGB_H+XGB_F+XGB_C,"[0.5, 0.25, 0.25]",0.9444338967574103
triple,XGB_H+XGB_F+XGB_C,"[0.6, 0.2, 0.2]",0.9444306658463828
rank_average,XGB_H+XGB_F+XGB_C,equal,0.9444263940066014
triple,XGB_H+XGB_F+XGB_C,"[0.3333333333333333, 0.3333333333333333, 0.3333333333333333]",0.9444249384379554
pair,XGB_H+XGB_F,"[0.6, 0.4]",0.9444222360481013
rank_average,XGB_B+XGB_C,equal,0.9444213247806224
triple,XGB_H+XGB_F+XGB_C,"[0.7, 0.15, 0.15]",0.9444209166342676
rank_average,XGB_H+XGB_F,equal,0.9444198887468945
pair,XGB_B+XGB_C,"[0.5, 0.5]",0.9444196132797196
pair,XGB_H+XGB_F,"[0.5, 0.5]",0.9444189267413828
pair,XGB_H+XGB_F,"[0.7, 0.3]",0.9444172176299779
pair,XGB_H+XGB_F,"[0.75, 0.25]",0.9444116561752591
pair,XGB_H+XGB_F,"[0.8, 0.2]",0.9444038541476385
pair,XGB_H+XGB_C,"[0.7, 0.3]",0.9444023719376465
pair,XGB_H+XGB_C,"[0.75, 0.25]",0.9444001576259436
pair,XGB_H+XGB_C,"[0.6, 0.4]",0.9443997843445309
pair,XGB_H+XGB_C,"[0.8, 0.2]",0.9443953413996561
rank_average,XGB_H+XGB_C,equal,0.944389447005691
pair,XGB_H+XGB_C,"[0.5, 0.5]",0.9443876095208569
pair,XGB_F+XGB_C,"[0.6, 0.4]",0.9443585364109303
rank_average,XGB_F+XGB_C,equal,0.9443547070936842
pair,XGB_F+XGB_C,"[0.5, 0.5]",0.9443538335616469
pair,XGB_F+XGB_C,"[0.7, 0.3]",0.9443536242866578
pair,XGB_F+XGB_C,"[0.75, 0.25]",0.944347517165345
pair,XGB_F+XGB_C,"[0.8, 0.2]",0.9443387958018123
